Processes,Slices,Total Points,Total Area,Elapsed Time (s)
8,330,100,0.6233,0
8,330,1000,0.622032,0
8,330,10000,0.62197,1000000
8,330,100000,0.62194,1000000
8,330,1000000,0.621999,5000000
8,330,10000000,0.622029,67000000
