Processes,Slices,Total Points,Total Area,Elapsed Time (s)
1,330,10000000,0.622016,159000000.000000
2,330,10000000,0.622010,87000000.000000
4,330,10000000,0.668050,67000000.000000
8,330,10000000,0.680426,62000000.000000
16,330,10000000,0.764902,49000000.000000
32,330,10000000,0.923218,51000000.000000
64,330,10000000,0.885090,50000000.000000
128,330,10000000,1.987675,59000000.000000
