Processes,Slices,Total Points,Total Area,Elapsed Time (s)
1,330,10000000,0.622008,160000000.000000
2,330,10000000,0.622018,86000000.000000
4,330,10000000,0.622026,104000000.000000
8,330,10000000,0.622005,64000000.000000
16,330,10000000,0.622023,48000000.000000
32,330,10000000,0.622021,54000000.000000
64,330,10000000,0.622020,54000000.000000
128,330,10000000,0.622018,64000000.000000
